Район;Объект;Площадь проезжей части, тыс. м2;Площадь тротуара, тыс. м2;Всего, тыс. м2;Стоимость, тыс. руб.
"КРАСНОСЕЛЬСКИЙ";"ул. Пограничника Гарькавого у д.40";"0,14";"0";"0,14";"890,07"
"КРАСНОСЕЛЬСКИЙ";"Пересечение пр. Народного Ополчения и ул. Летчика Пилютова";"0,22";"0";"0,22";"394,33"
"КРАСНОСЕЛЬСКИЙ";"Пересечение пр. Народного Ополчения и ул. Пограничника Гарькавого";"0,18";"0";"0,18";"414,54"
"КРОНШТАДТСКИЙ";"ул. Восстания от ул. Рошаля до д. № 80";"14,16";"1,39";"15,55";"16003,78"
"КРОНШТАДТСКИЙ";"Коммунистическая ул. от Макаровской ул. за Манежный пер.";"3,24";"2,6";"5,84";"8315,71"
"КРОНШТАДТСКИЙ";"Красная ул. от Макаровской ул. до Манежного пер.";"3,04";"3,6";"6,64";"8098,51"
"КРОНШТАДТСКИЙ";"Интернациональная ул. от ул. Комсомола до ул. Мануильского";"2,63";"1,89";"4,52";"5310,31"
"КРОНШТАДТСКИЙ";"Станюковича ул. от ул. Литке до ул. Гидростроителей";"4,91";"1,84";"6,75";"7690,23"
"КРОНШТАДТСКИЙ";"Советская ул. от пр. Ленина до ул. Рошаля";"9,35";"5,59";"14,94";"15643,6"
"КРОНШТАДТСКИЙ";"Проезд  без названия от Кронштадтского шоссе до автозаправочной станции №60";"3";"0";"3";"3702,03"
"КУРОРТНЫЙ";"ул. Воскова (от р. Сестры до линии Сестрорецкой ж.д.) (г. Сестрорецк)";"9,15";"3,92";"13,07";"10372,58"
"КУРОРТНЫЙ";"ул. Мосина (от ул. Воскова до 3-й Поперечной ул.) (г. Сестрорецк)";"15,26";"5,25";"20,51";"16703,05"
"КУРОРТНЫЙ";"ул. Борисова (от ул. Володарского до наб. р. Сестры) (г. Сестрорецк)";"5,93";"0,94";"6,87";"5962,36"
"КУРОРТНЫЙ";"пл. Свободы (на пересечении ул. Володарского и пер. Свободы) (г. Сестрорецк)";"17,72";"0,31";"18,03";"16606,62"
"КУРОРТНЫЙ";"пер. Свободы (от ул. Володарского до Приморского шоссе) (г. Сестрорецк)";"3,45";"1,32";"4,77";"5080,48"
"КУРОРТНЫЙ";"Средний пр. (от Бассейной ул. до Широкой ул.) (г. Зеленогорск)";"9,7";"0";"9,7";"8506,75"
"МОСКОВСКИЙ";"Авиационная ул. от Московского пр. до местного проезда пр. Юрия Гагарина";"4,15";"7,17";"11,32";"22841,75"
"МОСКОВСКИЙ";"Витебский пр. от Бассейной ул. до Звездной ул.";"131,01";"34,15";"165,16";"236575,62"
"МОСКОВСКИЙ";"Варшавская ул. от Ленинского пр. до Бассейной ул.";"0";"0,96";"0,96";"5967,1"
"МОСКОВСКИЙ";"Витебский пр., боковой проезд у Кузнецовской ул.";"0";"1,2";"1,2";"3633,52"
"МОСКОВСКИЙ";"ул. Емельянова от Воздухоплавательной ул. в направлении Лиговского пр.";"2,49";"2,22";"4,71";"5554,04"
"МОСКОВСКИЙ";"Иркутская ул. от Люботинского пр. до тупика";"4,15";"0,92";"5,07";"5122,5"
"МОСКОВСКИЙ";"ул. Кондратенко от Люботинского пр. до Витебского пр.";"2,91";"0,55";"3,46";"4906,66"
"МОСКОВСКИЙ";"Краснопутиловская ул. от д. 98 до д. 106 (разделительная полоса)";"0";"0,45";"0,45";"2378,71"
"МОСКОВСКИЙ";"Московское шоссе от ул. Ленсовета до ж.д. переезда по Московскому шоссе";"1";"12,52";"13,52";"10374,65"
"МОСКОВСКИЙ";"4-й Предпортовый проезд от Предпортовой ул. до 6-го Предпортового проезда";"4,04";"2,83";"6,87";"9949,11"
"МОСКОВСКИЙ";"ул. Шереметьевская от Внуковской ул. до Штурманской ул.";"5,59";"8,39";"13,98";"16818,72"
"МОСКОВСКИЙ";"Дунайский пр. от ул. Ленсовета до Витебского пр.";"38,14";"0,2";"38,34";"37833,75"
"МОСКОВСКИЙ";"Пересечение Московского пр. и ул. Решетникова";"0,58";"0";"0,58";"962,99"
"МОСКОВСКИЙ";"Пересечение Московского пр. и Кузнецовской ул.";"0,3";"0";"0,3";"614,21"
"МОСКОВСКИЙ";"Пересечение Московского пр. и ул. Гастелло";"0,52";"0";"0,52";"1070,67"
"МОСКОВСКИЙ";"Пересечение Московского пр. и Бассейной ул.";"0,2";"0";"0,2";"417,38"
"МОСКОВСКИЙ";"Пересечение Московского пр. и Рощинской ул.";"0,45";"0";"0,45";"792,44"
"МОСКОВСКИЙ";"Пересечение Московского пр. и ул. Фрунзе";"0,28";"0";"0,28";"566,81"
"НЕВСКИЙ";"ул. Бабушкина (от Б. Смоленского пр. до ул. Ольги Берггольц)";"6,02";"3,15";"9,17";"9924,03"
"НЕВСКИЙ";"ул. Кржижановского (от Российского пр. до ул. Коллонтай)";"26,7";"7,04";"33,74";"35256,29"
"НЕВСКИЙ";"ул. Подвойского (от Дальневосточного пр. до ул. Лопатина)";"44,13";"19,21";"63,34";"82585,64"
"НЕВСКИЙ";"Пересечение Дальневосточного пр. с Зольной ул. и ул. Новоселов";"0,99";"0";"0,99";"1979,91"
"НЕВСКИЙ";"Искровский пр. (от ул. Коллонтай до ул. Тельмана)";"44,91";"27,19";"72,1";"92041,3"
"НЕВСКИЙ";"Товарищеский пр. (от Российского пр. до ул. Дыбенко)";"43,7";"12,55";"56,25";"92390,61"
"НЕВСКИЙ";"Пересечение Дальневосточного пр. с ул. Тельмана";"0,26";"0";"0,26";"495,79"
"ПЕТРОГРАДСКИЙ";"Пересечение Большого пр. П.С. с пр. Добролюбова";"2,67";"0";"2,67";"2993,22"
"ПЕТРОГРАДСКИЙ";"ул. Литераторов (от пр. Медиков до наб. р. Карповки)";"1,72";"1,22";"2,94";"3092,82"
"ПЕТРОГРАДСКИЙ";"наб. р. Карповки  (нечетная сторона) (от Аптекарской наб. до Барочной ул.)";"23,55";"8,57";"32,12";"36120,2"
"ПЕТРОГРАДСКИЙ";"наб. Мартынова (от ул. Рюхина до яхт-клуба)";"16,47";"1,57";"18,04";"23813,68"
"ПЕТРОГРАДСКИЙ";"М. Посадская ул. (от Каменноостровского пр. до ул. Чапаева)";"11,51";"4,75";"16,26";"15110,41"
"ПЕТРОГРАДСКИЙ";"Песочная наб. (от Каменноостровского пр. до ул. Грота)";"11,34";"0,84";"12,18";"13661,33"
"ПЕТРОГРАДСКИЙ";"Сытнинская ул. (от ул. Маркина до Кронверской ул.)";"2,25";"3,09";"5,34";"6411,33"
"ПЕТРОГРАДСКИЙ";"ул. Льва Толстого (от пл. Льва Толстого до Б. Монетной ул.)";"15,34";"5,94";"21,28";"30825,89"
"ПЕТРОГРАДСКИЙ";"наб. р. Карповки (четная сторона) (от Петропавловской ул. до Каменноостровского пр.)";"6,9";"2,92";"9,82";"16479,84"
"КРАСНОГВАРДЕЙСКИЙ";"Салтыковская дорога угол ул. Стасовой";"0";"1,22";"1,22";"905,52"
"КРАСНОГВАРДЕЙСКИЙ";"Екатерининский пр. от Бестужевской ул. до Репнинской ул. и ж/д. переезда";"12,63";"2";"14,63";"17376,54"
"КРАСНОСЕЛЬСКИЙ";"Петергофское шоссе Центральный проезд (шумовые полосы)";"0";"0";"0";"30,55"
"КРАСНОСЕЛЬСКИЙ";"Боровая ул. от пр. Ленина до Стрельнинского шоссе (г. Красное Село)";"5,18";"0";"5,18";"4140,27"
"КРАСНОСЕЛЬСКИЙ";"Волхонское шоссе пос. Володарский";"0";"4,23";"4,23";"15715,46"
"КРАСНОСЕЛЬСКИЙ";"Пересечение ул. Здоровцева и пр. Ветеранов";"0,12";"0";"0,12";"297,38"
"КРАСНОСЕЛЬСКИЙ";"Кингисеппское шоссе (местный проезд у Логоваза)";"3,97";"0,7";"4,67";"5939,92"
"КРАСНОСЕЛЬСКИЙ";"Кингисеппское шоссе от автобусной остановки на ул. Лермонтова до Гаражной ул.";"0";"0,79";"0,79";"2491,44"
"КРАСНОСЕЛЬСКИЙ";"ул. Летчика Пилютова у дома №1 (площадки для стоянки автомобилей)";"0,27";"0";"0,27";"1640,99"
"КРАСНОСЕЛЬСКИЙ";"пр. Ленина от Интернациональной ул. и Российского бульвара до Волхонского шоссе (пос. Володарский)";"14,83";"5,43";"20,26";"18980,52"
"КРАСНОСЕЛЬСКИЙ";"Ленинский пр. от пр. Маршала  Жукова до ул. Доблести";"59,22";"23,04";"82,26";"98284,52"
"КРАСНОСЕЛЬСКИЙ";"пр. Ветеранов (посадочные площадки из бетонной плитки)";"0";"2,09";"2,09";"7380,11"
"КРАСНОСЕЛЬСКИЙ";"Геологическая ул. от дома №1 до ул. Спирина";"17,96";"1,5";"19,46";"18279,52"
"КРАСНОСЕЛЬСКИЙ";"Гвардейская ул. от Нагорной ул. до ул. Лермонтова";"3,67";"1,83";"5,5";"6121,4"
"КРАСНОСЕЛЬСКИЙ";"Колобановская ул. от Таллинского шоссе до ул. Коммунаров (Горелово)";"5,13";"0";"5,13";"4728,38"
"КРАСНОСЕЛЬСКИЙ";"Пересечение ул. Партизана Германа и пр. Ветеранов";"0,33";"0";"0,33";"700,64"
"КРАСНОСЕЛЬСКИЙ";"ул. Академика Павлова от пр. Ленина до ул. Бабанова (Володарский)";"5,91";"0";"5,91";"4418,54"
"КРАСНОСЕЛЬСКИЙ";"ул. Пограничника Гарькавого у д.34 (выезд из бокового проезда)";"0,1";"0";"0,1";"846,25"
"КРАСНОСЕЛЬСКИЙ";"Проезд без названия от проезда к ЛЭМЗ до пожарной спасательной станции";"3,89";"0";"3,89";"5147,78"
"КРАСНОСЕЛЬСКИЙ";"Пролетарская ул. от пр. Ленина до Молодежной ул. (Володарский)";"3,21";"0";"3,21";"3075,06"
"КРАСНОСЕЛЬСКИЙ";"Российский пер. от Российского бул. до Паровозной ул. (Володарский)";"2,04";"0";"2,04";"1667,71"
"КРАСНОСЕЛЬСКИЙ";"Садовая ул. от Волхонского шоссе до Соснового пер. (Володарский)";"1,62";"0";"1,62";"1277,86"
"КРАСНОСЕЛЬСКИЙ";"ул. Свердлова от пр. Буденного за ул. Розы Люксембург (Володарский)";"6,44";"0";"6,44";"8612,18"
"КРАСНОСЕЛЬСКИЙ";"ул. Свободы от пр. Ленина до дома №52 по ул. Свободы";"14,26";"1,17";"15,43";"13862,64"
"КРАСНОСЕЛЬСКИЙ";"Трудовая ул. от Интернациональной ул. в направлении Волхонского шоссе. (Володарский)";"4,81";"0";"4,81";"3370,07"
"КРАСНОСЕЛЬСКИЙ";"Федеративная ул. от Интернациональной ул. до Пролетарской ул.";"1,68";"0";"1,68";"1582,82"
"КРАСНОСЕЛЬСКИЙ";"Черниговский пер. (Володарский)";"0,81";"0";"0,81";"1107,96"
"КРАСНОСЕЛЬСКИЙ";"ул. Бабанова от Интернациональной ул. до ул. Академика Павлова";"9,68";"0";"9,68";"4211,3"
"ПЕТРОДВОРЦОВЫЙ";"проезд без названия от Краснофлотского шоссе до здания Мортеплотехники";"8,36";"0,04";"8,4";"11626,36"
"ПЕТРОДВОРЦОВЫЙ";"проезд без названия от Гостилицкого шоссе до д. 137 по Гостилицкому шоссе";"12,21";"0";"12,21";"13183,71"
"ПЕТРОДВОРЦОВЫЙ";"Ректорский проезд от Ботанической ул. до Университетского пр.";"5,93";"1,54";"7,47";"7141,13"
"ПЕТРОДВОРЦОВЫЙ";"Скороходовская ул. от Ольгинского шоссе до Прогонной ул.";"5,64";"0";"5,64";"8760,28"
"ПЕТРОДВОРЦОВЫЙ";"Сосновый пер. от ул. Немкова до ул. Верещагина";"2,1";"0";"2,1";"2473,24"
"ПРИМОРСКИЙ";"Байконурская ул. от пр. Испытателей до пр. Королева.";"5,51";"2,53";"8,04";"8653,65"
"ПРИМОРСКИЙ";"Байконурская ул. от. ул. Генерала  Хрулева до Богатырского пр. (нечётная сторона)";"0,05";"1,62";"1,67";"1369,43"
"ПРИМОРСКИЙ";"ул. Генерала Хрулева тротуар по нечетной стороне.";"0,15";"4,13";"4,28";"7955,6"
"ПРИМОРСКИЙ";"Долгоозерная ул. от Планерной ул. до Комендантского пр. (чётная сторона)";"8";"2,8";"10,8";"12392,87"
"ПРИМОРСКИЙ";"Лисичанская ул. от Торжковской ул. до Вазаского пер.";"6,83";"3,92";"10,75";"11172,51"
"ПРИМОРСКИЙ";"Мгинский пер. от Первомайского пр. до Главной ул. и Афонской ул.";"1,29";"0";"1,29";"2046,63"
"ПРИМОРСКИЙ";"Земледельческий пер. от 3-й линии 1-й половины до 2-й Никитинской ул.";"1,38";"0,19";"1,57";"2188,04"
"ПРИМОРСКИЙ";"Новоорловская ул. от  Железнодорожной ул. до Заповедной ул.";"8,41";"0";"8,41";"6342,99"
"ПРИМОРСКИЙ";"Сабировская ул. от линии Сестрорецкой ж.д. до ул. Полевой Сабировской";"6,62";"2,76";"9,38";"11688"
"ПРИМОРСКИЙ";"Тбилисская ул.от ул. Аккуратова до Горной ул.";"2,24";"0";"2,24";"3028,33"
"ПРИМОРСКИЙ";"наб. Черной речки от ул. Графова до Ланского шоссе (нечетная сторона) и от Школьной ул. до ул. Савушкина (четная сторона)";"0,3";"6,94";"7,24";"6323,65"
"ПРИМОРСКИЙ";"Эстонская ул. от Новосельковской ул. до Репищевой ул.";"2,68";"0";"2,68";"3874,89"
"ПРИМОРСКИЙ";"Сердобольская ул. от Б. Сампсониевского пр. до Торжковской ул.";"3,25";"0";"3,25";"9122,88"
"ПРИМОРСКИЙ";"Коломяжский пр. от дома №21 до дома №27";"0,05";"1,39";"1,43";"4838,98"
"ПУШКИНСКИЙ";"Дворцовая ул. от Садовой ул. до Октябрьского бульв.";"16,39";"7,37";"23,76";"31920,09"
"ПУШКИНСКИЙ";"Конюшенная ул. от Садовой ул. до Гуммолосаровской ул. (г. Павловск)";"5,04";"4,29";"9,33";"11853,99"
"ПУШКИНСКИЙ";"Малая ул. от Дворцовой ул. до Леонтьевской ул.";"4,93";"1,47";"6,4";"7219,14"
"ПУШКИНСКИЙ";"Пушкинская ул. от Школьной ул. до Первомайской ул.";"5,76";"0";"5,76";"7513,13"
"ПУШКИНСКИЙ";"Удаловская ул. от Новодеревенской ул. до Московского шоссе";"8,65";"1,78";"10,43";"11349,95"
"ПУШКИНСКИЙ";"Фермская дорога от Дворцовой ул. вдоль Александровского парка до Пенсионерских конюшен";"7,2";"0";"7,2";"66070,35"
"ПУШКИНСКИЙ";"Новая ул. от Леонтьевской ул. до Церковной ул.";"2,46";"0";"2,46";"2536,78"
"ПУШКИНСКИЙ";"Оранжерейная ул. от Садовой ул. до Железнодорожной ул.";"34,9";"13,98";"48,88";"62342,47"
"ФРУНЗЕНСКИЙ";"Альпийский пер. от Белградской ул. до Будапештской ул.";"7,12";"4,74";"11,86";"11729,27"
"ФРУНЗЕНСКИЙ";"Дунайский пр. от М. Балканской ул. до д. №35";"29,36";"11,36";"40,72";"54756,43"
"ФРУНЗЕНСКИЙ";"Пересечение Купчинской ул. и Дунайского пр.";"0,86";"0";"0,86";"1137,11"
"ФРУНЗЕНСКИЙ";"пересечение ул. Бухарестской и пр. Славы";"2,42";"0";"2,42";"3549,92"
"ФРУНЗЕНСКИЙ";"пересечение ул. Бухарестской и ул. Салова";"3,85";"0";"3,85";"3366,48"
"ФРУНЗЕНСКИЙ";"Пересечение ул. Бухарестской и ул. Олеко Дундича";"1,2";"0";"1,2";"1735,61"
"ФРУНЗЕНСКИЙ";"Магистральная развязка под Ивановским путепроводом";"23,29";"5,93";"29,22";"36481,91"
"ФРУНЗЕНСКИЙ";"Боровая ул. от наб. Обводного кан. до Витебской ж.д.";"18,34";"8,72";"27,06";"34281,91"
"ФРУНЗЕНСКИЙ";"Проезд без названия от ул. Салова у дома N 59 до автобусного парка";"4,8";"0,62";"5,42";"7376,89"
"ФРУНЗЕНСКИЙ";"Проезд без названия от Софийской ул. до Карпатской ул. вдоль дома N 95 по Софийской ул.";"0,98";"0,6";"1,58";"2452,2"
"ФРУНЗЕНСКИЙ";"Гаражный проезд от пр. Девятого Января до Грузового проезда";"6,49";"1,94";"8,43";"12808,05"
"ЦЕНТРАЛЬНЫЙ";"Апраксин пер. от Садовой ул. до наб. р. Фонтанки";"6";"1,25";"7,25";"7963,35"
"ЦЕНТРАЛЬНЫЙ";"пл. Белинского на пересечении наб. р. Фонтанки, Инженерной ул., Караванной ул.";"3,2";"0,28";"3,48";"4965,98"
"ЦЕНТРАЛЬНЫЙ";"Греческий пр. от ул. 9-ая Советская до ул. Парадная, с пересечением Греческого пр.  и  ул. Некрасова";"2,93";"0,77";"3,7";"5841,98"
"ЦЕНТРАЛЬНЫЙ";"ул. Жуковского от д. №22-41  до Лиговского пр.";"7,64";"4,89";"12,53";"32813,82"
"ЦЕНТРАЛЬНЫЙ";"Инженерная ул. от Садовой ул. до пл. Белинского с перекрестком у Садовой ул.";"7,36";"0,18";"7,54";"12527,69"
"ЦЕНТРАЛЬНЫЙ";"ул. Красного Текстильщика от ул. Моисеенко до Тульской ул.";"6,22";"4,5";"10,72";"12830,51"
"ЦЕНТРАЛЬНЫЙ";"Пересечение ул. Марата и ул. Боровая";"0,81";"0";"0,81";"767,56"
"ЦЕНТРАЛЬНЫЙ";"Миргородская ул. от Кременчугской ул. до ул. Хохрякова";"6,55";"3,57";"10,12";"13919,64"
"ЦЕНТРАЛЬНЫЙ";"наб. р. Мойки от наб. р. Фонтанки до 2-го Садового моста (нечетная сторона), от наб. кан Грибоедова до Певческого моста (четная сторона)";"11";"0";"11";"13525,21"
"ЦЕНТРАЛЬНЫЙ";"Потемкинская ул. от наб. Робеспьера до Кирочной ул.";"8,33";"0";"8,33";"13937,39"
"ЦЕНТРАЛЬНЫЙ";"Преображенская пл. от ул. Пестеля до ул. Маяковского";"8,27";"0";"8,27";"9161,15"
"ЦЕНТРАЛЬНЫЙ";"ул. Пролетарской Диктатуры и пл. Пролетарской Диктатуры от ул. Бонч-Бруевича до Шпалерной ул.";"0,42";"5,18";"5,6";"26849,76"
"ЦЕНТРАЛЬНЫЙ";"Песковский пер. от 1-й Советской ул. до пл. Восстания";"0,1";"0,08";"0,18";"590,82"
"ЦЕНТРАЛЬНЫЙ";"ул. Чайковского от наб. р. Фонтанки до Потемкинской ул.";"18,51";"18,55";"37,06";"40665,86"
"ЦЕНТРАЛЬНЫЙ";"Шпалерная ул. у домов №24-34";"0";"2,25";"2,25";"8369,17"
"ЦЕНТРАЛЬНЫЙ";"Малая Конюшенная ул. от Шведского пер. до Невского пр.";"0";"6,72";"6,72";"21951,58"
"ПЕТРОГРАДСКИЙ";"ул. Мира (от ул. Котовского до д. 29 по ул. Мира)";"3,81";"0";"3,81";"6810,2"
"ПЕТРОДВОРЦОВЫЙ";"ул. Аврова от Александрийского шоссе до Озерковой ул.";"18,88";"12,21";"31,09";"26959,69"
"ПЕТРОДВОРЦОВЫЙ";"Ботаническая ул. от Чичеринской ул. до Ульяновской ул.";"0";"13,5";"13,5";"19567,08"
"ПЕТРОДВОРЦОВЫЙ";"Пересечение ул. Дзержинского и ул. Ботанической (г. Петергоф)";"0,14";"0,3";"0,44";"926,2"
"ПЕТРОДВОРЦОВЫЙ";"ул. Федюнинского посадочная площадка (г. Ломоносов)";"0,16";"0,14";"0,3";"906,95"
"ПЕТРОДВОРЦОВЫЙ";"Ново-Нарвское шоссе от Санкт-Петербургского шоссе до ул. Нижняя Колония";"9,3";"0";"9,3";"8793,95"
"ПЕТРОДВОРЦОВЫЙ";"ул. Попова от Санкт-Петербургского шоссе за ул. Лодыгина";"1,5";"0,55";"2,05";"1997,11"
"ПЕТРОДВОРЦОВЫЙ";"ул. Луизино от Сашинской дор. до Парковой ул";"11,05";"0";"11,05";"13949,99"
"ПЕТРОДВОРЦОВЫЙ";"ул. Первого Мая от Гостилицкой ул. до Ульяновской ул.";"17,62";"0,16";"17,78";"14239,79"
"ПЕТРОДВОРЦОВЫЙ";"Ольгинское шоссе от ул. Луизино за Луговую ул.";"3,75";"0";"3,75";"5470,43"
"ПЕТРОДВОРЦОВЫЙ";"Пересечение Красносельского шоссе и Красносельского переулка (зона трампутей)";"0,11";"0";"0,11";"214,19"
"КРАСНОСЕЛЬСКИЙ";"Новая ул. (Красное Село)";"2,45";"0";"2,45";"2521,74"
"КРАСНОСЕЛЬСКИЙ";"Красная ул. от Интернациональной ул. до Волхонского шоссе";"6,22";"0";"6,22";"7617,75"
"АДМИРАЛТЕЙСКИЙ";"Звенигородская ул. от Загородного пр. до ул. Константина Заслонова";"13,4";"5,75";"19,15";"23102,11"
"АДМИРАЛТЕЙСКИЙ";"Конногвардейский пер. от Конногвардейского бульв. до Б. Морской ул.";"2,63";"1,2";"3,83";"3805,36"
"АДМИРАЛТЕЙСКИЙ";"2-я Красноармейская ул. от Московского пр. до Измайловского пр.";"5,39";"3,01";"8,4";"9646,44"
"АДМИРАЛТЕЙСКИЙ";"Либавский пер. от наб. р. Фонтанки до Рижского пр.";"2,21";"1,62";"3,83";"3858,03"
"АДМИРАЛТЕЙСКИЙ";"Лоцманская ул. от наб. р. Пряжки до пл. Репина";"6,61";"0";"6,61";"6474,87"
"АДМИРАЛТЕЙСКИЙ";"Мастерская ул. от ул. Декабристов до пр. Римского-Корсакова";"3,11";"0";"3,11";"2649,05"
"АДМИРАЛТЕЙСКИЙ";"М. Митрофаньевская ул. от Московского пр. до Митрофаньевского шоссе";"13";"4,33";"17,33";"25333,59"
"АДМИРАЛТЕЙСКИЙ";"Почтамтская ул. от Исаакиевской пл. до Почтамтского пер.";"1,91";"1";"2,91";"2609,2"
"АДМИРАЛТЕЙСКИЙ";"Рижский пр. от Лермонтовского пр. до Старо-Петергофского пр.";"19,24";"1,7";"20,94";"20912,04"
"АДМИРАЛТЕЙСКИЙ";"Садовая ул. от  Вознесенского пр. до Никольского пер. включая съезд с Никольского моста";"5,5";"0";"5,5";"10567,68"
"АДМИРАЛТЕЙСКИЙ";"пересечение Садовой ул. и Лермонтовского пр.";"1,1";"0";"1,1";"2087,42"
"АДМИРАЛТЕЙСКИЙ";"ул. Союза Печатников от наб. Крюкова кан. до пл. Кулибина";"6,28";"5,2";"11,48";"15664,81"
"АДМИРАЛТЕЙСКИЙ";"Столярный пер. от Казанской ул. до наб. кан. Грибоедова";"2,36";"1,1";"3,46";"4292,18"
"АДМИРАЛТЕЙСКИЙ";"ул. Степана Разина от Рижского пр. до наб. Обводного кан.";"4,58";"2,63";"7,21";"7793,53"
"АДМИРАЛТЕЙСКИЙ";"пересечение наб. р. Фонтанки и Старо-Петергофского пр. (четная сторона)";"2,2";"0,03";"2,23";"2819,68"
"ВАСИЛЕОСТРОВСКИЙ";"Большой пр. от 1-й  линии до Наличной ул.";"93,26";"39,46";"132,72";"206233,42"
"ВАСИЛЕОСТРОВСКИЙ";"ул. Кораблестроителей от Прибалтийской пл. до Новосмоленской наб.";"41,1";"11,18";"52,28";"90490,29"
"ВАСИЛЕОСТРОВСКИЙ";"пл. Академика Сахарова между Менделеевской линией, Биржевой линией и Тифлисской ул.";"4,77";"1,7";"6,47";"9653,23"
"ВАСИЛЕОСТРОВСКИЙ";"Уральская ул. от наб.р. Смоленки до ул. Одоевского";"0";"2,27";"2,27";"2218,85"
"ВАСИЛЕОСТРОВСКИЙ";"ул. Шевченко от Среднего пр. до Шкиперского протока";"1,5";"0,92";"2,42";"3443,74"
"ВЫБОРГСКИЙ";"Б. Сампсониевский пр. от Сердобольской ул. до ул. Смолячкова (включая перекресток с Сердобольской ул.)";"45";"0";"45";"67891,96"
"ВЫБОРГСКИЙ";"Зеленков пер. от ул. Смолячкова до д. №9";"1,83";"0,44";"2,27";"2452,15"
"ВЫБОРГСКИЙ";"Выборгское шоссе и пр. Просвещения у д. №14 корп 4";"0";"1,1";"1,1";"4385,85"
"ВЫБОРГСКИЙ";"Кантемировская ул. от  Выборгской наб. до Полюстровского пр.";"0";"22,28";"22,28";"17684,11"
"ВЫБОРГСКИЙ";"ул. Карбышева от пл. Мужества до Политехнической ул.";"12,68";"6,82";"19,5";"24749,83"
"ВЫБОРГСКИЙ";"пересечение пр. Культуры и пр. Луначарского в зоне трамвайных путей";"0,25";"0";"0,25";"3660,48"
"ВЫБОРГСКИЙ";"пересечение пр. Энгельса и ул. Шостаковича";"0,27";"0";"0,27";"229,45"
"ВЫБОРГСКИЙ";"Политехническая ул. от 1-го Муринского пр. до ул. Гидротехников";"56,97";"19,89";"76,86";"121370,47"
"ВЫБОРГСКИЙ";"4-й Верхний пер. от Домостроительной ул. в направлении пр. Энгельса";"8,83";"0";"8,83";"12952,4"
"ВЫБОРГСКИЙ";"пересечение пр. Энгельса с Поклонногорской ул., пр. Тореза и Северным пр.";"6,14";"0";"6,14";"6839,16"
"ВЫБОРГСКИЙ";"Светлановская пл. на пересечении пр. Энгельса, 2-го Муринского пр. и пр. Испытателей";"2";"0";"2";"5172,08"
"ВЫБОРГСКИЙ";"пересечение пл. Мужества и 2-го Муринского пр.";"0,99";"0";"0,99";"2885,74"
"ВЫБОРГСКИЙ";"пересечение Выборгского шоссе и пр. Луначарского";"0,18";"0";"0,18";"3741,67"
"ВЫБОРГСКИЙ";"пересечение Выборгского шоссе и ул. Жени Егоровой";"0,14";"0";"0,14";"365,13"
"ВЫБОРГСКИЙ";"2-ой Муринский пр. у д. №11";"0,06";"0";"0,06";"45,82"
"ВЫБОРГСКИЙ";"пересечение пр. Культуры и Актерского проезда";"0,18";"0";"0,18";"446,15"
"КАЛИНИНСКИЙ";"Пересечение ул. Академика Лебедева и Боткинской ул.";"1,04";"0";"1,04";"2163,18"
"КАЛИНИНСКИЙ";"Ул. Брянцева от пр. Просвещения до Тимуровской ул.";"5,07";"2,33";"7,4";"8967,73"
"КАЛИНИНСКИЙ";"пр. Маршала Блюхера от Полюстровского пр. до Гражданского пр., пересечение с Полюстровским пр., Гражданским пр., Лабораторным пр. и Кондратьевским пр.";"24,38";"0";"24,38";"31815,83"
"КАЛИНИНСКИЙ";"пр. Мечникова от ул. Замшина до Пискаревского пр. остановка у д.2";"0";"0,24";"0,24";"566,11"
"КАЛИНИНСКИЙ";"Пр. Науки от Тихорецкого пр. до Гражданского пр. (покрытие в трампутях)";"13,1";"0";"13,1";"32628,26"
"КАЛИНИНСКИЙ";"Северная пл.";"5,85";"1,72";"7,57";"10337,72"
"КАЛИНИНСКИЙ";"Северный пр. от Тихорецкого пр. до ул.Руставели";"89,74";"13,7";"103,44";"161473,74"
"КИРОВСКИЙ";"пр. Ветеранов от ул. Лени Голикова до пр. Маршала Жукова";"67,93";"43,78";"111,71";"176377,09"
"КИРОВСКИЙ";"ул. Зайцева от пр. Стачек до ул. Возрождения";"27,18";"16,32";"43,5";"43411,66"
"КИРОВСКИЙ";"Пересечение Кронштадской ул. и Корабельной ул.";"2,72";"0,16";"2,88";"5346,49"
"КИРОВСКИЙ";"Ленинский пр. на участке от Троллейбусного проезда до Лиговского канала";"10,82";"2,25";"13,07";"15087,48"
"КИРОВСКИЙ";"пр. Маршала Жукова  боковой проезд под п/п "Автово" четная и нечетная сторона";"7,3";"0";"7,3";"10993,87"
"КИРОВСКИЙ";"Портовая ул. от пр. Стачек до пр. Маршала Жукова";"17,9";"6,4";"24,3";"30483,8"
"КИРОВСКИЙ";"пр. Стачек от Комсомольской пл. до Ленинского пр.";"2,25";"18,04";"20,29";"22449,06"
"КИРОВСКИЙ";"пр. Стачек у Кронштадтской пл. (на пересечении с Дачным пр. и Ленинским пр.)";"0,3";"0,06";"0,36";"415,97"
"КИРОВСКИЙ";"Броневая ул. от ул. Возрождения до станции "Броневая"";"11,96";"0";"11,96";"14640,04"
"КИРОВСКИЙ";"Пересечение ул. Подводника Кузьмина и бул. Новаторов";"3";"1,4";"4,4";"3712,08"
"КИРОВСКИЙ";"ул. Васи Алексеева от ул. Маршала Говорова до Автовской ул.";"8,02";"6,68";"14,7";"21939,5"
"КИРОВСКИЙ";"ул. Возрождения от пр. Стачек до Автовской ул.";"18,44";"9,2";"27,64";"33995,33"
"КОЛПИНСКИЙ";"ул. Братьев Радченко от Павловской ул. до Пролетарской ул. (г. Колпино)";"9,19";"1,9";"11,09";"12896,38"
"КОЛПИНСКИЙ";"ул. Анисимова (шумовые полосы)";"0";"0";"0";"31,22"
"КОЛПИНСКИЙ";"участок дороги на Металлострой от Центрального проезда до проходной НИИ электрофизической аппаратуры им. Д.В. Ефремова";"26";"0";"26";"21907,71"
"КОЛПИНСКИЙ";"Колпинская ул. от Загородной ул. до 1-й дороги (п. Понтонный)";"12,73";"0";"12,73";"11291,42"
"КОЛПИНСКИЙ";"Лагерное шоссе от Петрозаводского шоссе до Шлиссельбургского шоссе";"9,9";"0";"9,9";"8706,16"
"КОЛПИНСКИЙ";"Балканская дорога от Загородной ул. до Первомайской ул.";"20,73";"0";"20,73";"19894,06"
"КОЛПИНСКИЙ";"1-й проезд от Советского пр. до 6-го Проезда (пос. Металлострой)";"15,26";"2,7";"17,96";"19496,08"
"КОЛПИНСКИЙ";"проезд без названия (Дорога на ОАО "Домостроительный комбинат №5" от Колпинского шоссе до Финляндской ул.)";"7,06";"0,88";"7,94";"7592,89"
"КОЛПИНСКИЙ";"ул. Садовая от ул. Клубная до ул. Фанерная (п. Понтонный)";"1,48";"0,19";"1,67";"1489,02"
"КРАСНОГВАРДЕЙСКИЙ";"Пересечение Индустриального пр. и пр. Косыгина";"6,34";"0,59";"6,93";"8356,73"
"КРАСНОГВАРДЕЙСКИЙ";"Пискаревский пр. от шоссе Революции до Среднеохтинского пр.";"0";"3,1";"3,1";"3278,43"
"КРАСНОГВАРДЕЙСКИЙ";"Красногвардейская пл. от Малоохтинского пр. до Комаровского моста, пересечения с Новочеркасским пр., пр. Шаумяна , Якорной ул., Среднеохтинским пр., Большеохтинским пр.";"24,46";"9,39";"33,85";"48198,06"
"КРАСНОГВАРДЕЙСКИЙ";"ул. Осипенко; пр. Энтузиастов от Индустриального пр. до ул. Осипенко";"0";"4";"4";"6214,24"
"КРАСНОГВАРДЕЙСКИЙ";"Пересечение Хасанской ул. с пр. Наставников и выезд с троллейбусного кольца на Хасанскую ул.";"0,69";"0";"0,69";"4252,81"
"КРАСНОГВАРДЕЙСКИЙ";"пр. Энтузиастов от ул. Передовиков до ул. Коммуны (выборочно)";"36,73";"18";"54,73";"74691,33"
"КРАСНОГВАРДЕЙСКИЙ";"ул. Петра Смородина от Большой Пороховской ул. до Объездного шоссе";"2,2";"1,1";"3,3";"3904,23"
"КРАСНОСЕЛЬСКИЙ";"Петергофское шоссе поворот на ЛЭМЗ";"0,17";"0";"0,17";"399,71"
